<?xml version="1.0" encoding="UTF-8" standalone="yes"?>
<addon id="plugin.video.emisiunionline"
       name="Emisiuni-Online.ro"
       version="1.0.0"
       provider-name="kingul">
  <requires>
    <import addon="xbmc.python" version="2.1.0"/>
    <import addon="script.module.urlresolver"  version="1.0.0"/>
  </requires>
  <extension point="xbmc.python.pluginsource"
            library="default.py">
        <provides>video</provides>
  </extension>
  <extension point="xbmc.addon.metadata">
    <summary>Emisiuni Tv de pe emisiuni-online.ro</summary>
    <description>Urmareste emisiuni si seriale de pe emisiuni-online.ro</description>
    <platform>all</platform>
  </extension>
</addon>
