<?xml version="1.0" encoding="UTF-8" standalone="yes"?>
<addon id="plugin.video.klatvro"
       name="Kla.tv"
       version="1.0.2"
       provider-name="kingul">
  <requires>
    <import addon="xbmc.python" version="2.1.0"/>
    <import addon="script.common.plugin.cache" version="0.9.1"/>
  </requires>
  <extension point="xbmc.python.pluginsource"
            library="default.py">
        <provides>video</provides>
  </extension>
  <extension point="xbmc.addon.metadata">
    <summary>Video de pe kla.tv</summary>
    <description>Vizualizeaza videoclipuri de pe kla.tv</description>
    <platform>all</platform>
  </extension>
</addon>
