<?xml version="1.0" encoding="UTF-8" standalone="yes"?>
<addon id="service.subtitles.regielive"
       name="Regielive"
       version="1.1.7"
       provider-name="kingul">
  <requires>
    <import addon="xbmc.python" version="2.1.0"/>
  </requires>
  <extension point="xbmc.subtitle.module"
             library="service.py" />
  <extension point="xbmc.addon.metadata">
    <summary lang="en">Regielive</summary>
    <description lang="en">Cauta si descarca subtitrari de pe subtitrari.regielive.ro</description>
    <disclaimer lang="en"></disclaimer>
    <platform>all</platform>
    <license>GNU GENERAL PUBLIC LICENSE. Version 2, June 1991</license>
    <forum>http://forum.xbmc.org/showthread.php?tid=183114</forum>
    <website></website>
    <email></email>
    <source>https://github.com/viorel-m/kodi-repo</source>    
  </extension>
</addon>
