<?xml version="1.0" encoding="UTF-8" standalone="yes"?>
<addon id="plugin.video.hindilovercom"
       name="Hindilover.com"
       version="1.0.9"
       provider-name="kingul">
  <requires>
    <import addon="xbmc.python" version="2.1.0"/>
    <import addon="script.mrknow.urlresolver" version="3.0.0"/>
  </requires>
  <extension point="xbmc.python.pluginsource"
            library="default.py">
        <provides>video</provides>
  </extension>
  <extension point="xbmc.addon.metadata">
    <summary>Seriale si filme hindilover.com</summary>
    <description>Urmareste seriale si filme de pe hindilover.com</description>
    <platform>all</platform>
  </extension>
</addon>
