<?xml version="1.0" encoding="UTF-8" standalone="yes"?>
<addon id="service.subtitles.addic7ed"
       name="Addic7ed.com"
       version="1.1.1"
       provider-name="CFlannagan, forked by Kingul">
    <requires>
        <import addon="xbmc.python" version="2.14.0"/>
    </requires>
    <extension point="xbmc.subtitle.module"
               library="service.py"/>
    <extension point="xbmc.addon.metadata">
        <summary lang="en">Get subtitles from Addic7ed.com</summary>
        <description lang="en">Description for Addic7ed to come</description>
        <disclaimer lang="en"/>
        <platform>all</platform>
        <language/>
        <license>GNU GENERAL PUBLIC LICENSE. Version 2, June 1991</license>
        <forum>http://forum.xbmc.org/showthread.php?tid=184854</forum>
        <website/>
        <email/>
        <source>https://github.com/cflannagan/service.subtitles.addic7ed</source>
    </extension>
</addon>
