<?xml version="1.0" encoding="UTF-8" standalone="yes"?>
<addon id="plugin.video.filmeserialeonlineorg"
       name="Filmeserialeonline.org"
       version="1.0.1"
       provider-name="keddy">
  <requires>
    <import addon="xbmc.python" version="2.1.0"/>
    <import addon="script.module.urlresolver" version="3.0.0"/>
    <import addon="script.mrknow.urlresolver" version="2016.04.06.1"/>
  </requires>
  <extension point="xbmc.python.pluginsource"
            library="default.py">
        <provides>video</provides>
  </extension>
  <extension point="xbmc.addon.metadata">
    <summary>Filme si seriale subtitrate de pe Filmeserialeonline.org</summary>
    <description>Vizioneaza filmele si serialele subtitrate disponibile pe Filmeserialeonline.org</description>
    <platform>all</platform>
  </extension>
</addon>
