<?xml version="1.0" encoding="UTF-8" standalone="yes"?>
<addon id="plugin.video.digi24"
       name="Digi24"
       version="1.1.3"
       provider-name="kingul">
  <requires>
    <import addon="xbmc.python" version="2.1.0"/>
    <import addon="script.common.plugin.cache" version="0.9.1"/>
  </requires>
  <extension point="xbmc.python.pluginsource"
            library="default.py">
        <provides>video</provides>
  </extension>
  <extension point="xbmc.addon.metadata">
    <summary>Emisiuni digi24</summary>
    <description>Urmareste emisiunile aflate pe Digi24.ro</description>
    <platform>all</platform>
  </extension>
</addon>
